ardf_num,site,model_code,comm_main,elev_m,geol_type,type_basis,coarseness_rank,contact,straight,downch_snapped
NM172,Monument Creek; Poorman Bench,39a,Au,88.60913848876953,alluvial-stream,name:creek,,,1931.13427734375,
NM185,Russel Creek,39a,Au,141.4788818359375,alluvial-stream,name:creek,,,2235.697021484375,
NM205,Lindblom Creek,39a,Au,41.7310905456543,alluvial-stream,name:creek,,333.5415954589844,467.0353698730469,
NM209,Rock Creek (placer),39a,Au,86.96943664550781,alluvial-stream,name:creek,3.0,956.8829345703125,119.02749633789062,
NM210,Rock Creek (bench placer),39a,Au,73.31037139892578,alluvial-stream,name:creek,,822.34423828125,133.4400634765625,
NM215,Walsh Cut (alluvial placer),39a,Au,86.96943664550781,alluvial-stream,name:cut,,956.8829345703125,119.02749633789062,
NM218,Ullrich (Judy and Deb Bench claims),39a,Au,106.01720428466797,alluvial-stream,name:bench,,1005.6092529296875,643.939453125,
NM219,Hot Air Bench (Columbia Mine),39a,Au,49.43424987792969,alluvial-stream,name:bench,1.0,302.0761413574219,101.09256744384766,110.35533905029297
NM220,Glacier Creek (includes Bonanza and Bergstrom Gulches),39a,Au,30.63284683227539,alluvial-stream,name:creek,2.0,176.77670288085938,690.8765258789062,751.7766723632812
NM222,Snow Gulch,39a,Au,66.94711303710938,alluvial-stream,name:gulch,,522.0153198242188,582.4368286132812,457.84271240234375
NM229,Jorgensen; Mountain Creek; Mary's Gulch,"36a, 39a",Au,67.95948028564453,alluvial-stream,name:creek,1.0,70.71067810058594,725.9149169921875,
NM236,Anvil Creek,39a,Au,41.64463806152344,alluvial-stream,name:creek,3.0,403.1128845214844,1036.5665283203125,2003.8582763671875
NM238,Caribou Bill,39a,Au,153.0240936279297,alluvial-stream,"narrative:alluvial=5,marine=0,glacial=1,residual=0",3.0,2325.53759765625,789.1954345703125,
NM239,Madeline; Mattie (upper workings),39a,Au,184.76690673828125,alluvial-stream,"narrative:alluvial=6,marine=0,glacial=1,residual=0",,2087.1630859375,579.3344116210938,
NM240,Mattie (lower workings),39a,Au,178.4886474609375,alluvial-stream,"narrative:alluvial=5,marine=0,glacial=1,residual=0",,2101.93359375,566.4788208007812,
NM241,Snowflake,39a,Au,177.71588134765625,alluvial-stream,"narrative:alluvial=5,marine=0,glacial=1,residual=0",3.0,1802.775634765625,386.39971923828125,
NM242,Sugar,39a,Au,179.32247924804688,alluvial-stream,"narrative:alluvial=4,marine=0,glacial=1,residual=0",,1573.411865234375,317.1234436035156,
NM243,Gold Hill (drift mine near Dexter),39a,Au,170.43682861328125,alluvial-stream,"narrative:alluvial=4,marine=0,glacial=1,residual=0",,1463.0875244140625,409.36962890625,
NM246,Dexter High Bench,39a,Au,183.7609405517578,alluvial-stream,name:bench,3.0,2055.48046875,613.9419555664062,
NM247,Summit High Bench,39a,Au,165.85325622558594,alluvial-stream,name:bench,3.0,2400.130126953125,1324.0050048828125,
NM248,Unnamed high-bench deposit (Dexter Creek-Dry Creek divide),39a,Au,169.408447265625,alluvial-stream,name:bench,2.0,1844.078369140625,1307.4774169921875,
NM249,Upper Dry Creek; Bear Creek (Gulch),39a,Au,87.0513687133789,alluvial-stream,name:creek,1.0,111.80339813232422,475.44866943359375,472.48736572265625
NM260,Extra Dry Creek,39a,Au,97.46749877929688,alluvial-stream,name:creek,3.0,492.4429016113281,2783.8564453125,
NM261,Cooper Gulch (placer and M. Charles lode occurrence),39a,Au,131.2289276123047,alluvial-stream,name:gulch,,320.1562194824219,1618.430908203125,
NM262,Newton Gulch,39a,Au,80.97100067138672,alluvial-stream,name:gulch,,206.15528869628906,451.93402099609375,
NM264,Lower Dry Creek,39a,Au,33.09619903564453,alluvial-stream,name:creek,,2448.72412109375,2720.853759765625,
NM265,Deer Gulch,39a,Au,117.60330963134766,alluvial-stream,name:gulch,,1650.0,579.5794067382812,
NM266,Grass Gulch,39a,Au,138.0706024169922,alluvial-stream,name:gulch,,1932.938232421875,851.4690551757812,
NM267,Nekula Gulch; Nicolai Gulch,39a,Au,138.85086059570312,alluvial-stream,name:gulch,3.0,2364.4501953125,1032.5419921875,
NM268,Dewey Creek,39a,Au,52.78766632080078,alluvial-stream,name:creek,,745.8217163085938,5519.22216796875,
NM269,Grace Gulch,39a,Au,132.68060302734375,alluvial-stream,name:gulch,,1011.1874389648438,6975.42236328125,
NM270,Union Gulch,39a,Au,76.92167663574219,alluvial-stream,name:gulch,2.0,570.6356201171875,6472.49609375,
NM271,McDonald Creek,39a,Au,21.54680824279785,alluvial-stream,name:creek,1.0,3312.947998046875,5007.58984375,
NM272,Tripple Creek,39a,Au,31.13344955444336,alluvial-stream,name:creek,,1636.497802734375,3826.348876953125,
NM273,Washington Creek; Washington Gulch,39a,Au,18.57575798034668,alluvial-stream,name:creek,1.0,2997.08203125,6099.7724609375,
NM274,Stevens Gulch,39a,Au,12.782651901245117,alluvial-stream,name:gulch,1.0,3276.5263671875,6340.11328125,
NM275,Moss Gulch,39a,Au,9.173709869384766,alluvial-stream,name:gulch,,4245.365234375,6812.93017578125,
NM276,Laurada Creek,39a,Au,12.737946510314941,alluvial-stream,name:creek,,4832.83056640625,7193.931640625,
NM279,Lillian Creek,39a,Au,45.380245208740234,alluvial-stream,name:creek,2.0,811.2490234375,4937.6220703125,
NM281,Unnamed (placer mine west of Nome River),39a,Au,104.48094177246094,alluvial-stream,name:river,,55.90169906616211,3011.840087890625,
NM283,Grouse Gulch,39a,Au,117.78530883789062,alluvial-stream,name:gulch,3.0,1110.18017578125,317.0799865722656,
NM288,Bourbon Creek; Holyoke Creek,39a,Au,28.40194320678711,alluvial-stream,name:creek,,2759.189208984375,3321.307373046875,
NM295,Specimen Gulch,39a,Au,113.02396392822266,alluvial-stream,name:gulch,2.0,2241.093505859375,748.0919189453125,
NM296,Otter Creek; Florence Gulch,39a,Au,3.086009979248047,alluvial-stream,name:creek,,,5700.93994140625,
NM297,Peluk Creek,39a,Au,18.22222137451172,alluvial-stream,name:creek,2.0,,5038.5166015625,
NM300,Irene Creek; Topaz,39a,Au,7.569199085235596,alluvial-stream,name:creek,,,8372.2158203125,
NM303,Dexter Creek,39a,"Ag, Au",36.63676834106445,alluvial-stream,name:creek,3.0,301.03985595703125,1932.2872314453125,2080.330078125
NM304,Buster Creek,39a,Au,28.66387939453125,alluvial-stream,name:creek,2.0,1557.2412109375,4353.939453125,
NM310,Lower Snake River,39a,Au,5.581391334533691,alluvial-stream,name:river,1.0,5669.3251953125,6479.208984375,
NM311,Lower Snake River (upstream of the Nome airport),39a,Au,1.2000000476837158,alluvial-stream,name:river,1.0,4440.720703125,5310.34814453125,
NM312,Nome River (2 miles below Banner Creek),39a,Au,19.660694122314453,alluvial-stream,name:river,1.0,1059.48095703125,3156.810302734375,
