name,type,basis,x,y,coordinate
Nome Offshore Placer deposits,abrasion_platform,Inner/Outer Submarine paystreak on the wave-cut bedrock platform,-549543.9389266425,1662921.8713034443,kg
Lower Snake River (upstream of the Nome airport),upland_residual,named creek/gulch/bench: residual/alluvial upland placer,-548607.6073417724,1665295.4656668988,kg
Russel Creek,upland_residual,named creek/gulch/bench: residual/alluvial upland placer,-548373.5679659575,1673307.7508664897,kg
Monument Creek; Poorman Bench,upland_residual,named creek/gulch/bench: residual/alluvial upland placer,-548211.0749918374,1673653.0677572067,kg
Submarine Beach,abrasion_platform,Inner/Outer Submarine paystreak on the wave-cut bedrock platform,-547848.5612447775,1663951.0004920114,kg
Nome Coastal Plain,broad_ambiguous,district-wide / unlocatable summary record,-547237.1074968543,1666619.271565093,kg
Lower Snake River,upland_residual,named creek/gulch/bench: residual/alluvial upland placer,-546591.937764663,1663109.1636732216,kg
Present (First) Beach,strandline_beach,"modern marine strandline (winnowed, fine gold + black sand)",-546075.6892802026,1662294.5705555682,kg
Center Creek Beach,abrasion_platform,Hudson 2006 L50: Center 'beach' on the abrasion platform,-545277.735844887,1663718.8396081387,kg
Monroeville Beach,abrasion_platform,Hudson 2006 L50: abrasion platform on bedrock,-544693.3014853046,1665599.2082657092,kg
Lindblom Creek,upland_residual,named creek/gulch/bench: residual/alluvial upland placer,-544521.5280462416,1675874.2814133815,kg
Anvil Creek,upland_residual,named creek/gulch/bench: residual/alluvial upland placer,-544347.1719440047,1669219.4890010294,kg
Jorgensen; Mountain Creek; Mary's Gulch,upland_residual,named creek/gulch/bench: residual/alluvial upland placer,-544243.5893191859,1671579.5222877408,kg
Nome placer field,broad_ambiguous,district-wide / unlocatable summary record,-544120.3887505902,1666937.9979860564,kg
Intermediate Beach; Clam Shell Beach,abrasion_platform,Hudson 2006 L50: abrasion platform on bedrock,-544045.3574161929,1664365.7796491627,kg
"Center Creek and Flat, Saturday and  Wonder Creeks",broad_ambiguous,composite of Center flat + upland creeks; not a single beach unit,-543972.6847222338,1665768.6794734297,kg
Glacier Creek (includes Bonanza and Bergstrom Gulches),upland_residual,named creek/gulch/bench: residual/alluvial upland placer,-543905.0176230733,1672913.5328069685,kg
Rock Creek (bench placer),upland_residual,named creek/gulch/bench: residual/alluvial upland placer,-543744.6533543207,1674731.4050079726,kg
Rock Creek (placer),upland_residual,named creek/gulch/bench: residual/alluvial upland placer,-543516.0219858846,1674510.5251670578,kg
Walsh Cut (alluvial placer),upland_residual,named creek/gulch/bench: residual/alluvial upland placer,-543514.1134760346,1674521.5170403821,kg
Sophie Gulch (Rock Creek),upland_residual,named creek/gulch/bench: residual/alluvial upland placer,-543405.2618891078,1674729.0826371883,kg
Hot Air Bench (Columbia Mine),upland_residual,named creek/gulch/bench: residual/alluvial upland placer,-543323.7617642138,1673016.4621585123,kg
Bourbon Creek; Holyoke Creek,upland_residual,named creek/gulch/bench: residual/alluvial upland placer,-543257.166173678,1664784.1883386087,kg
Fourth Beach,broad_ambiguous,raised beach above Third; not typed by Hudson 2006,-543190.7028735426,1667558.2399494855,kg
Nome Mining District,broad_ambiguous,district-wide / unlocatable summary record,-543091.0861029025,1670575.6106205091,kg
Snow Gulch,upland_residual,named creek/gulch/bench: residual/alluvial upland placer,-543044.6774312216,1672413.2299982477,kg
Cooper Gulch (placer and M. Charles lode occurrence),upland_residual,named creek/gulch/bench: residual/alluvial upland placer,-542846.1751758726,1668087.4085194012,kg
Ullrich (Judy and Deb Bench claims),upland_residual,named creek/gulch/bench: residual/alluvial upland placer,-542812.5848906928,1673527.9349334529,kg
Specimen Gulch,upland_residual,named creek/gulch/bench: residual/alluvial upland placer,-542434.4588903986,1670326.0313841393,kg
Third Beach,strandline_beach,"Hudson 2006 L51: strandline beach, garnet + black-sand rich",-542400.266336276,1666221.2640223287,kg
Peluk Creek,upland_residual,named creek/gulch/bench: residual/alluvial upland placer,-542182.7566348291,1661586.6161149608,kg
Lower Dry Creek,upland_residual,named creek/gulch/bench: residual/alluvial upland placer,-541713.5108882156,1663940.0650827284,kg
Summit High Bench,upland_residual,named creek/gulch/bench: residual/alluvial upland placer,-541431.9307141668,1670390.471052651,kg
Nekula Gulch; Nicolai Gulch,upland_residual,named creek/gulch/bench: residual/alluvial upland placer,-541337.1560616471,1671642.1667319394,kg
Upper Dry Creek; Bear Creek (Gulch),upland_residual,named creek/gulch/bench: residual/alluvial upland placer,-541234.3123733676,1667310.7146697268,kg
Caribou Bill,upland_residual,named creek/gulch/bench: residual/alluvial upland placer,-541096.6000083942,1671600.6142951099,kg
Dexter High Bench,upland_residual,named creek/gulch/bench: residual/alluvial upland placer,-540952.610630623,1671224.7770968776,kg
Grass Gulch,upland_residual,named creek/gulch/bench: residual/alluvial upland placer,-540952.569722469,1670239.7752541525,kg
Mattie (lower workings),upland_residual,named creek/gulch/bench: residual/alluvial upland placer,-540898.5482835408,1671509.8095606822,kg
Unnamed high-bench deposit (Dexter Creek-Dry Creek divide),upland_residual,named creek/gulch/bench: residual/alluvial upland placer,-540852.4959645675,1669045.0436003245,kg
Madeline; Mattie (upper workings),upland_residual,named creek/gulch/bench: residual/alluvial upland placer,-540838.0396710307,1671635.2248019332,kg
Snowflake,upland_residual,named creek/gulch/bench: residual/alluvial upland placer,-540704.484658404,1671170.6319406908,kg
Deer Gulch,upland_residual,named creek/gulch/bench: residual/alluvial upland placer,-540685.3096781474,1670408.7756696532,kg
Sugar,upland_residual,named creek/gulch/bench: residual/alluvial upland placer,-540520.5957266188,1671025.693175285,kg
Newton Gulch,upland_residual,named creek/gulch/bench: residual/alluvial upland placer,-540456.3437199128,1665840.6587780786,kg
Gold Hill (drift mine near Dexter),upland_residual,named creek/gulch/bench: residual/alluvial upland placer,-540433.8700061099,1670908.8429859502,kg
Grouse Gulch,upland_residual,named creek/gulch/bench: residual/alluvial upland placer,-540127.3580794708,1670629.5765716517,kg
Otter Creek; Florence Gulch,upland_residual,named creek/gulch/bench: residual/alluvial upland placer,-539922.4056723003,1660563.5582370355,kg
Unnamed (placer mine west of Nome River),upland_residual,named creek/gulch/bench: residual/alluvial upland placer,-538709.0567842895,1674664.5575262618,kg
Dexter Creek,upland_residual,named creek/gulch/bench: residual/alluvial upland placer,-538181.4390640078,1670192.972942332,kg
Extra Dry Creek,upland_residual,named creek/gulch/bench: residual/alluvial upland placer,-538103.884037834,1668379.7710647956,kg
Nome River (2 miles below Banner Creek),upland_residual,named creek/gulch/bench: residual/alluvial upland placer,-537779.9897126971,1673859.5864096317,kg
McDonald Creek,upland_residual,named creek/gulch/bench: residual/alluvial upland placer,-537526.4017481081,1662066.1501585648,kg
Tripple Creek,upland_residual,named creek/gulch/bench: residual/alluvial upland placer,-537317.1541473527,1663830.2193998864,kg
Dewey Creek,upland_residual,named creek/gulch/bench: residual/alluvial upland placer,-535966.5506602008,1675382.2445049884,kg
Second Beach,strandline_beach,"Hudson 2006 L51: strandline beach, garnet + black-sand rich",-535868.2750590205,1657821.33854352,kg
Buster Creek,upland_residual,named creek/gulch/bench: residual/alluvial upland placer,-535801.8589608363,1670985.1257912142,kg
Irene Creek; Topaz,upland_residual,named creek/gulch/bench: residual/alluvial upland placer,-535783.7003115176,1659176.5423370071,kg
Lillian Creek,upland_residual,named creek/gulch/bench: residual/alluvial upland placer,-535535.7389006447,1672399.704108898,kg
Laurada Creek,upland_residual,named creek/gulch/bench: residual/alluvial upland placer,-535479.1047911142,1660879.0902429407,kg
Moss Gulch,upland_residual,named creek/gulch/bench: residual/alluvial upland placer,-535373.3033071728,1661528.8740277418,kg
Washington Creek; Washington Gulch,upland_residual,named creek/gulch/bench: residual/alluvial upland placer,-535113.7858541056,1663023.9962530022,kg
Stevens Gulch,upland_residual,named creek/gulch/bench: residual/alluvial upland placer,-534984.7165887324,1662753.0119159115,kg
Union Gulch,upland_residual,named creek/gulch/bench: residual/alluvial upland placer,-534026.33533826,1672741.8452813814,kg
Grace Gulch,upland_residual,named creek/gulch/bench: residual/alluvial upland placer,-533429.0493231321,1672345.824705181,kg
"Bear Cub claim (between Dry Creek and Newton Creek), Third Beach",strandline_beach,Tuck MS-join (high_curated),-541111.2,1665059.1,tuck_ms_join
"Happy New Years claim, Third Beach",strandline_beach,Tuck MS-join (high_curated),-539077.8,1664274.1,tuck_ms_join
"Jupiter claim, Third Beach",strandline_beach,Tuck MS-join (high_curated),-538907.8,1663555.6,tuck_ms_join
"No. 9 Otter Creek claim, Third Beach",strandline_beach,Tuck MS-join (high_curated),-539165.5,1663670.6,tuck_ms_join
"Roosevelt and Golden Bull claims (formerly Bon Voyage), Third Beach",strandline_beach,Tuck MS-join (high_curated),-541005.0,1663875.8,tuck_ms_join
Wild Goose Co. Third Beach drift-mine production (total),strandline_beach,Tuck MS-join (high_curated),-539050.4,1663833.4,tuck_ms_join
