ardf_num,site,quad_250,model_code,comm_main,production,elev_m,geol_type,type_basis,coarseness_rank,narrative_head
BN099,Ophir Creek,BN,39a,Au,Yes; medium,71.11753845214844,alluvial-stream,name:creek,,"Ophir Creek is the most important producer of placer gold in the Council district.  The majority of the 707,000 ounces of gold production recorded for the Council district probably came from Ophir Creek (Hudson and DeYoung, 1978).  Placer g"
BN101,Balm Of Gilead Gulch,BN,39a,Au,Yes; small,124.1923599243164,alluvial-stream,name:gulch,,"Detrital gold was recovered from fractures and crevices in limestone (marble) bedrock.  The gold-bearing bedrock was covered by 5 feet of soil (Collier and others, 1908).  Bedrock in the area is metasedimentary schist and marble of a Lower "
BN102,Crooked Creek,BN,39a,Au,Yes; small,114.6378402709961,alluvial-stream,name:creek,3.0,"Stream gravels of Crooked Creek merge with floodplain deposits of Ophir Creek where the pay streak was 250 feet wide, 6 feet thick, and contained 0.22 ounces Au per cubic yard (Collier and others, 1908; Smith and Eakin, 1911). The pay strea"
BN103,Albion Creek,BN,39a,Au,Yes; small,132.39503479003906,alluvial-stream,name:creek,,"Placer gold mining, including dredging, has taken place along at least the lower 2,000 feet of Albion Creek as well as on the slope along the north bank up to 100 feet in elevation above the creek.  The placer deposit above the creek was ca"
BN105,Goldbottom Creek,BN,39a,Au,Yes; small,104.24366760253906,alluvial-stream,name:creek,3.0,"Collier and others (1908) report that 3 feet of schist gravel (covered by 2 feet of sod and muck) from a claim near the head of Goldbottom Creek., was shovelled into a sluice and fine, angular gold was recovered.   This description could in"
BN106,Upper Ophir Creek,BN,39a,Au,Yes; small,121.83786010742188,alluvial-stream,name:creek,,"The Bendeleben A-4 topographic map shows placer mine workings over about 1,000 feet of the Ophir Creek just downstream from its confluence with Flat Creek.  This may be the location referred to by Smith and Eakin (1911) as the bench at the "
BN107,Oxide Creek,BN,39a,Au,Yes; small,173.19044494628906,alluvial-stream,name:creek,,"There is only one early report (Collier and others, 1908, p. 244) of placer gold being produced on this creek (Cobb, 1975, OFR 75-429). Some small scale surface placer workings may be present. Placer Au-PGE (Cox and Singer, 1986; model 39a)"
SO004,Koyana Creek,SO,39a,Au,Yes; small,39.02042770385742,alluvial-stream,name:creek,,"Small-scale placer mining took place on Koyana Creek in the early part of the 1900s (Collier, 1908) and between 1928 and 1930 (Cobb, 1978). The placer deposits were shallow and apparently low grade. Mulligan (1971) estimates that less than "
SO005,Swede Creek,SO,39a,Au,Yes; small,44.18646240234375,alluvial-stream,name:creek,,"Placer gold was discovered on Swede Creek between 1900 and 1902 (Collier and others, 1908) but most mining was between 1918 and WW II (Mulligan, 1971). The placer workings were shallow and extended 600 feet   upstream from the steep sea cli"
SO006,Daniels Creek,SO,39a,Au,Yes; medium,48.42567443847656,alluvial-stream,name:creek,,"Placer gold was discovered in beach sand at the mouth of Daniels Creek in 1899 but within a year the beach placer was largely mined out (Brooks and others, 1901; Mulligan, 1971).  Placer gold was soon discovered on Daniels Creek but little "
SO007,Eldorado Creek,SO,39a,Au,Yes; small,26.847665786743164,alluvial-stream,name:creek,,"Placer gold was discovered on Eldorado Creek by 1902 (Collier and others, 1908), soon after discovery of the rich placers at nearby Bluff and Daniels Creek (ARDF localities SO134 and SO006).  Some cinnabar is reported to be present in the E"
SO009,Silverbow Creek (Little Anvil Creek),SO,39a,Au,Yes; small,36.611331939697266,alluvial-stream,name:creek,,"Some placer mining took place locally on this creek up to 1930 (Cobb, 1978, OF 78-181); the presence of gold was first reported in 1908 (Collier and others, 1908).  The placer deposits are apparently less extensive and lower grade than thos"
SO010,California Creek,SO,39a,Au,Yes; small,22.564842224121094,alluvial-stream,name:creek,,"All that has been reported is that placer mining occurred on this creek during the years 1928-30, 1933, and 1939-40 (Cobb, 1978, OF 78-181. A dredge apparently worked on the creek in 1939 and 1940.  Bedrock of the area is primarily a polyde"
SO016,Mystery Creek,SO,39a,Au,Yes; small,84.63923645019531,alluvial-stream,name:creek,2.0,"Hydraulic placer mining started on this creek as early as 1903 (Collier and others, 1908). Production was mostly at elevations from 150 to 200 feet between the Puzzle and Problem Creek tributaries, especially from benches that had a pay str"
SO017,Shovel Creek,SO,39a,Au,Yes; small,27.210872650146484,alluvial-stream,name:creek,,"At least  three of the lower three and a half miles of Shovel Creek has been extensively placer mined, mostly by dredges and mostly in the 1920s. Early mining (Smith, 1910) encountered thin, 1 to 3 feet thick gravels over bedrock in a pay s"
SO018,Penny Creek,SO,39a,Au,Yes; small,35.43732833862305,alluvial-stream,name:creek,3.0,"Mining on Penny Creek started as early as 1900; some gold was as coarse as an $18 (1 ounce) nugget (Brooks and others, 1901).  The lower 8,000 feet of the creek, which is at least locally incised up to 20 feet, has been mined mostly by smal"
SO022,Big Hurrah Creek,SO,39a,Au,Yes; small,61.29720687866211,alluvial-stream,name:creek,3.0,"Gold was discovered and placer mining started on Big Hurrah Creek in 1900 (Collier and others, 1908). This was apparently the richest creek in the lower Solomon River area (Smith, 1910). Lu and others (1968) compiled records that indicate a"
SO024,Solomon River,SO,39a,Au,Yes; small,37.774906158447266,alluvial-stream,name:river,,"The active drainage of the Solomon River has been continuously placer mined mined, mostly by dredging,  from an elevation of about 100 feet upstream to an elevation of about 175 feet.  This is a distance of about 5 miles starting 0.7 miles "
SO025,Sapphire Gulch,SO,39a,Au,Yes; small,90.42294311523438,alluvial-stream,name:gulch,,"Smith (1910) reports that most of the gravels in this drainage were mined by 1907.   Bedrock is part of a lower Paleozoic metasedimentary assemblage (Sainsbury and others, 1972, OFR 511; Till and others, 1986). The early mining was probably"
SO026,Bear Gulch,SO,39a,Au,Yes; small,94.25120544433594,alluvial-stream,name:gulch,,"Smith (1910) reports that most of the gravels in this drainage were mined by 1907.   Bedrock is part of a lower Paleozoic metasedimentary assemblage (Sainsbury and others, 1972, OFR 511; Till and others, 1986). The early mining was probably"
SO027,Meddler Gulch,SO,39a,Au,Yes; small,128.80491638183594,alluvial-stream,name:gulch,2.0,"Smith (1910) reports that most of the gravels in this drainage were mined by 1907.   Material being worked in 1907 was in the headwaters and appeared to be colluvial materials (Smith, 1910, p. 179).  The gold that was recovered was reported"
SO028,Kasson Creek,SO,39a,Au,Yes; small,77.99712371826172,alluvial-stream,name:creek,2.0,"The bedrock along this part of Kasson Creek is marble and gold was found in crevices and pockets from 10 to 30 feet deep; pay streaks were from 16 to 100 feet wide (Collier and others, 1908).  The spotty, deep character of the deposits sugg"
SO029,West Creek,SO,39a,Au,Yes; small,63.62822341918945,alluvial-stream,name:creek,3.0,"Placer mining took place over about the lower 1.5 miles of the West Creek, between elevations of 175 to 300 feet. Gold-bearing gravels were 3 to 4 feet thick on bedrock; gold coarseness increased upstream. Crevices and cracks in marble bedr"
SO031,Adams Creek,SO,39,Au,Yes; small,111.71257019042969,alluvial-stream,name:creek,,"Gold was discovered early on Adams Creek and small-scale mining produced 50 to 60 ounces on one claim in 20 days (Brooks and others, 1901).  The stream gravels are 4 to 6 feet thick and heavy mineral concentrate contains garnet and magnetit"
SO032,Butte Creek,SO,39a,Au,Yes; small,87.21868133544922,alluvial-stream,name:creek,,"The gravels in lower part of creek were thoroughly worked prior to 1907 (Smith, 1910).  Bench gravels on the west side of South Fork were productive.  The bench gravels were about 8 feet thick on schist bedrock; the surface of the bench was"
SO033,Fox Creek,SO,39a,Au,Yes; small,113.87664031982422,alluvial-stream,name:creek,,"Small-scale placer mining was reported on this creek in 1907 and 1908 (Smith, 1908; 1910).  Bedrock in the area is part of a lower Paleozoic metasedimentary assemblage (Till and others, 1986). Small-scale placer mining took place locally al"
SO048,Melsing Creek; Basin Creek; Benson Gulch,SO,39a,Au,Yes; small,35.18617630004883,alluvial-stream,name:creek,,"The gravels of Melsing Creek are generally thin, ranging from 1.5 to 8 feet thick.  Several feet of gravel carried gold in places but better grades were present on or in bedrock (Collier and others, 1908)  A clay false bedrock is at least l"
SO049,Niukluk River,SO,39a,Au,Yes; small,19.84035301208496,alluvial-stream,name:river,,"Gold was originally discovered on the bars of the Niukluk River in 1865 when a survey crew for a telegraph line passed through the area (Collier and others, 1908). This area was dredged over a length of 1.1 miles and over widths up to 500 f"
SO050,Niukluk River,SO,39a,Au,Yes; small,27.194580078125,alluvial-stream,name:river,,"Gold was originally discovered on the bars of the Niukluk River in 1865 when a survey crew for a telegraph line passed through the area (Collier and others, 1908).  These two areas, with a combined length of 2.1 miles, were extensively dred"
SO051,Richter Creek,SO,39a,Au,Undetermined,49.10586929321289,alluvial-stream,name:creek,,"Some small-scale mining apparently took place along this creek in the early history of the area.  The gold placers were reported to be nearly exhausted in 1906 (Smith, 1907).  Bedrock in the area is part of a lower Paleozoic metasedimentary"
SO052,Sweetcake Creek,SO,39a,Au,Yes; small,44.824947357177734,alluvial-stream,name:creek,,"The first placer mining in the Ophir Creek area occurred on Sweetcake Creek soon after gold was discovered here in 1898 (Collier and others, 1908).  A stratigraphic section near the mouth of Sweetcake Creek included, from top to bottom: 5 f"
SO053,Ophir Creek,SO,39a,Au,Yes; medium,51.84440612792969,alluvial-stream,name:creek,,"Ophir Creek is the most important producer of placer gold in the Council district.  The majority of the 707,000 ounces of gold production recorded for the Council district probably came from Ophir Creek (Hudson and DeYoung, 1978).  Placer g"
SO054,Warm Creek,SO,39a,Au,Yes; small,74.16167449951172,alluvial-stream,name:creek,3.0,"Gold mining began on Warm Creek in 1900 and by 1907 perhaps $100,000 (5,000 ounces) had been produced (Collier and others, 1908).  Most of the gold was rough and iron-stained, some was almost black, and a 2.8 ounce nugget was recovered. Hea"
SO056,Elkhorn Creek,SO,39a,Au,Yes; small,58.404388427734375,alluvial-stream,name:creek,3.0,Placer mining has taken place for about a mile along the lower part of Elkhorn Creek.  The drainage is incised into a terrace along the Niukluk River. Creek gravels were 2.5 feet thick near the mouth and bench deposit at the mouth consisted
SO057,Camp Creek,SO,39a,Au,Yes; small,39.86373519897461,alluvial-stream,name:creek,,"Dredge tailings extend about 0.3 miles up the creek from the mouth and about 0.2 miles downstream along the west bank of the Niukluk River. Early mining was by hand and hydraulic methods (Collier and others, 1908); a dredge operated here in"
SO058,Goldbottom Creek,SO,39a,Au,Yes; small,50.161808013916016,alluvial-stream,name:creek,2.0,"Placer mining started early and about 485 ounces of gold (about $10,000 worth) were produced in 1900 (Brooks and others, 1901). Small dredges operated from 1909 to at least 1911. A heavy-mineral concentrate from near the mouth of Warm Creek"
SO060,Fox River; IXL Gulch,SO,39a,Au,Yes; small,72.49625396728516,alluvial-stream,name:river,,"The Fox River is incised and small-scale placer mining took place on bench deposits near the mouth of IXL Gulch as early as 1903 (Collier and others, 1908).  The bench gravels were 2 to 6 feet thick on schist bedrock and covered by 2 to 3.5"
SO062,Birch Creek,SO,39a,Au,Yes; small,139.8150634765625,alluvial-stream,name:creek,,"Very little is known about mining here other than some took place in 1906 below Shea Creek, a small south tributary (Collier and others, 1908).  Bedrock in this part of the drainage is a metavolcanic assemblage thought to be Ordovician in a"
SO064,Dawson Creek,SO,39a,Au,Yes; small,66.0132064819336,alluvial-stream,name:creek,,"Dawson Creek heads in Paleozoic marble of Mount Dixon (Till and others, 1986) but its lower reaches cross terraces of the Casadepaga River. Small-scale mining occurred along lower Dawson Creek where bedrock includes micaceous schist (Smith,"
SO065,No Man Creek,SO,39a,Au,Yes; small,68.36607360839844,alluvial-stream,name:creek,,"A little mining by one person took place here in 1907 (Smith, 1910).  The mining was probably along the lower part of the creek where it crosses and reworks terrace deposits of the Casadepaga River. Small-scale mining by hand is all that is"
SO066,Big Four Creek,SO,39a,Au,Yes; small,64.48477172851562,alluvial-stream,name:creek,,Mining on Big Four Creek took place 0.5 mile upstream of the creek''s mouth where it crosses a terrace of the Casadepaga River.  Bedrock was not encountered during mining and the gold was on the surface and on clay layers in fine creek grav
SO067,Casadepaga River,SO,39a,Au,Yes; small,113.06654357910156,alluvial-stream,name:river,2.0,The Casadepaga River is a major west tributary to the Niukluk River.  The first 11 miles upstream from the mouth varies from 170 to 270 feet in elevation.  The next 8 to 9 miles upstream gains another 150 feet of elevation.  The lower 11 mi
SO069,Dixon Creek,SO,39a,Au,Yes; small,83.98860931396484,alluvial-stream,name:creek,2.0,"Small-scale mining took place on Dixon Creek, probably along the lower part of the creek, as early as 1899 and about 725 ounces are estimated to have been produced by 1907 (Smith, 1910).  Some of the gold was coarse.  The creek flows close "
SO072,Goose Creek,SO,39a,Au,Yes; small,87.3158187866211,alluvial-stream,name:creek,1.0,"Placer gold mining started on lower Goose Creek in 1900 (Brooks and others, 1901). Dredging started by 1909 and took place intermittently to 1919 (Cobb, 1978, OF 78-181). Sainsbury and others (1972, OFR 511) show placer tailings to be prese"
SO073,Dry Creek (Gulch),SO,39a,Au,Yes; small,80.4504623413086,alluvial-stream,name:creek,3.0,"Dry Creek is incised into a terrace of the Casadepaga River.  Mining along the active channel started in 1900 and one person was mining here in 1907 (Smith, 1910).  The gold was concentrated on a clay seam and most was fine; a 0.1 ounce nug"
SO074,Thorpe Creek,SO,39a,Au,Yes; small,85.690185546875,alluvial-stream,name:creek,2.0,"Gold mining on Thorpe Creek took place where it crosses a bench of the Casadepaga River (Brooks and others, 1901).  Bedrock was not encountered here although schist and marble are exposed in the creek''s headwaters.  Mining between 1900 and"
SO075,Casadepaga River,SO,39a,Au,Undetermined,84.29652404785156,alluvial-stream,name:river,,The Casadepaga River is a major west tributary to the Niukluk River.  The first 11 miles upstream from the mouth varies from 170 to 270 feet in elevation.  The next 8 to 9 miles upstream gains another 150 feet of elevation.  The lower 11 mi
SO076,Spruce Creek,SO,39a,Au,Yes; small,84.20574951171875,alluvial-stream,name:creek,2.0,"Spruce Creek cuts completely through the terrace of the Casadepaga River and flows on bedrock at its mouth. Sainsbury and others (1972) show placer tailings along the lower 0.7 miles of the creek.  By 1907, an estimated $10,000 or about 400"
SO078,Lightning Creek,SO,39a,Au,Undetermined.,115.61873626708984,alluvial-stream,name:creek,,Smith (1910) noted that considerable prospecting had occurred by 1907 along the active drainage of lower Lightning Creek where it crosses terraces of the Casadepaga River.  The terrace gravels here are 5 to 10 feet above the active stream. 
SO079,Penelope Creek,SO,39a,Au,Yes; small,89.93887329101562,alluvial-stream,name:creek,,"Penelope Creek was primarily placer mined along its lower part where it crosses terraces of the Casadepaga River.  However, about a mile above its mouth, an exploration shaft went through 97 feet of unconsolidated materials before reaching "
SO080,Casadepaga River,SO,39a,Au,Undetermined.,87.66323852539062,alluvial-stream,name:river,,The Casadepaga River is a major west tributary to the Niukluk River.  The first 11 miles upstream from the mouth varies from 170 to 270 feet in elevation.  The next 8 to 9 miles upstream gains another 150 feet of elevation.  The lower 11 mi
SO081,Casadepaga River,SO,39a,Au,Yes; small,82.22309112548828,alluvial-stream,name:river,,The Casadepaga River is a major west tributary to the Niukluk River.  The first 11 miles upstream from the mouth varies from 170 to 270 feet in elevation.  The next 8 to 9 miles upstream gains another 150 feet of elevation.  The lower 11 mi
SO082,Sunshine Creek,SO,39a,Au,Yes; small,105.3047103881836,alluvial-stream,name:creek,,"The lower part of Sunshine Creek crosses benches of Canyon Creek; Sainsbury and others (1972, OFR 511) show placer tailings along the lower 0.5 mile of the creek. There are reports of placer mining here in 1918 and 1934 (Cobb, 1978, OF 78-1"
SO083,Canyon Creek,SO,39a,Au,Yes; small,132.4123077392578,alluvial-stream,name:creek,,The active floodplain of Canyon Creek is incised about 10 feet into terraces that are best developed on the north side of the creek. The terraces are cut into pelitic schist bedrock and mantled by about 12 feet of clean well-rounded gravel.
SO084,Boulder Creek,SO,39a,Au,Yes; small,119.76976776123047,alluvial-stream,name:creek,3.0,"Mining took place along the active channel of Boulder Creek where thin, 1.5- to 2-feet thick gravels over bedrock contained gold.  Sainsbury and others (1972, OFR 511) show placer tailings along the lower 3/4 mile of the creek. The gold was"
SO085,Upper Goose Creek,SO,39a,Au,Yes; small,161.03753662109375,alluvial-stream,name:creek,,"Placer gold mining started on lower Goose Creek in 1900 (Brooks and others, 1901). Dredging started by 1909 and took place intermittently to 1919 (Cobb, 1978, OF 78-181). The lower part of the creek crosses creek terraces and terraces of th"
SO088,Allgold Creek,SO,39a,Au,None,175.5014190673828,alluvial-stream,name:creek,,"Early prospecting found colors in this creek (Smith, 1909) but mining has not been reported (Cobb, 1978, OF 78-181). Prospecting by hand took place on this creek. Placer Au-PGE (Cox and Singer, 1986; model 39a)."
SO089,Wilson Creek,SO,39a,Au,Yes; small,194.9111785888672,alluvial-stream,name:creek,,"Wilson Creek crosses benches of Lower Willow Creek.  Some small-scale mining is reported for this creek early in the history of the area (Brooks and others, 1901) but by 1908, mining activities apparently ceased (Smith, 1909).  Wilson Creek"
SO090,Cahill Creek,SO,39a,Au,Undetermined.,140.5650634765625,alluvial-stream,name:creek,,"Cahill Creek has been prospected and gold was found along the lower 0.5 mile where the creek crosses benches of Lower Willow Creek (Smith, 1910). Surface prospecting took place on this creek prior to 1910. Placer Au-PGE (Cox and Singer, 198"
SO091,Lower Willow Creek,SO,39a,Au,Yes; small,152.25384521484375,alluvial-stream,name:creek,3.0,"This west tributary of the Casadepaga River, lower Willow Creek, is incised as much as 30 feet into terraces of its drainage and, near its mouth, terraces of the Casadepaga River.  Bedrock is exposed at many locations along Lower Willow Cre"
SO092,Ridgeway Creek,SO,39a,Au,None,139.90733337402344,alluvial-stream,name:creek,3.0,"The lower mile of Ridgeway Creek carries gold, including small nuggets (Smith, 1910), but mining has not been reported (Cobb, 1978, 78-191).  The  regional contact between pelitic schist of possible Cambrian or Precambrian age and a lower P"
SO093,Casadepaga River,SO,39a,Au,Yes; small,98.23565673828125,alluvial-stream,name:river,,The Casadepaga River is a major west tributary to the Niukluk River. The first 11 miles upstream from the mouth varies from 170 to 270 feet in elevation. The next 8 to 9 miles upstream gains another 150 feet of elevation. The lower 11 miles
SO094,Banner Creek,SO,39a,Au,Yes; small,124.49919128417969,alluvial-stream,name:creek,2.0,"Small-scale placer mining apparently took place along most of this creek in the early history of the area (Smith, 1910).  The gold was mostly coarse, had a fineness of 929, and was present in 8 to 10 feet of gravel but mostly concentrated o"
SO095,Upper Banner Creek,SO,39a,Au,Yes; small,137.42868041992188,alluvial-stream,name:creek,2.0,"Small-scale placer mining apparently took place along most of this creek in the early history of the area (Smith, 1910).  In the lower creek,  gold was coarse, had a fineness of 929, and was present in 8 to 10 feet of gravel but mostly conc"
SO096,Ruby Creek,SO,39a,Au,Yes; small,125.55967712402344,alluvial-stream,name:creek,3.0,"Ruby Creek was an important and heavily worked creek in the early history of the area (Brooks and others, 1901).  It is incised in its lower reaches and both the active channel and some bench placers have been mined.  Some of the gold was c"
SO097,Nugget Gulch,SO,39a,Au,Undetermined.,155.73736572265625,alluvial-stream,name:gulch,,"There is one early report that prospecting  for placer gold occurred on Nugget Gulch (Smith, 1909). Some surface prospecting has occurred on this creek. Placer Au-PGE (Cox and Singer, 1986; model 39a)."
SO098,Casadepaga River,SO,39a,Au,Yes; small,125.00233459472656,alluvial-stream,name:river,,The Casadepaga River is a major west tributary to the Niukluk River.   The first 11 miles upstream from the mouth varies from 170 to 270 feet in elevation.  The next 8 to 9 miles upstream gains another 150 feet of elevation.  The lower 11 m
SO099,Moonlight Creek,SO,39a,Au,Yes; small,127.21833038330078,alluvial-stream,name:creek,,Mertie (1918) reports that placer mining took place along this creek in 1916.  Moonlight Creek flows close to the contact of pelitic schist of possible Cambrian or Precambrian age to the east with a lower Paleozoic metasedimentary assemblag
SO137,Solomon River,SO,39a,Au,Yes; small,74.73889923095703,alluvial-stream,name:river,,"Stream gravels about 4-feet thick in the flood plain of Solomon River were dredged between 1929 and 1932; the pay streak was up to 700-800 feet wide (Smith, 1933).  Bedrock in the area is part of a lower Paleozoic metasedimentary assemblage"
SO142,Dutch Creek,SO,39a,Au,Yes; small,75.40998840332031,alluvial-stream,name:creek,,"Placer mining, mostly between 1900 and 1918, took place on lower Dutch Creek (now shown as Snowball Creek on the Solomon D-4 quadrangle) near its confluence with Ophir Creek (Smith and Eakin, 1911).  These were various small-scale hydraulic"
SO165,Ryan Creek,SO,39a,Au,Yes; small,9.422264099121094,alluvial-stream,name:creek,,"Some placer gold mining took place on Ryan Creek before 1907 (Collier and others, 1908). However, only a few small placer pits are present on the creek and probably less than 100 ounces of gold were produced (Mulligan, 1971). Bedrock in the"
SO168,Quartz Creek (tributary to lower Solomon River),SO,39a,Au,Yes; small,32.8958854675293,alluvial-stream,name:creek,,"The lower 1,000 feet of Quartz Creek flows across a bench along the south side of the Solomon River valley.  Placer mining along this part of the creek took place as early as 1906-07 (Smith, 1910). Subsequent mining may have also taken plac"
SO169,Puzzle Creek (Gulch),SO,39a,Au,Yes; small,48.63668441772461,alluvial-stream,name:creek,3.0,"Small-scale mining took place here in the early 1900s (Smith, 1910). The area is one where both bench deposits and ancestral channels can be present (see Mystery Creek, SO016). The gold recovered here was very coarse, some with attached qua"
SO170,Problem Creek (Gulch),SO,39a,Au,Yes; small,87.03146362304688,alluvial-stream,name:creek,,"Mining on the lower part of this creek started in 1900 (Brooks and others, 1901).  Thin gravels, 2- to 3-feet thick, overlie metasedimentary schist in the active drainage; bench deposits are present on both sides of the creek. A 45-foot sha"
SO171,Lion Creek,SO,39a,Au,Yes; small,94.1583480834961,alluvial-stream,name:creek,,"Small-scale placer mining took place on Lion Creek prior to 1908.  Gold was present in 4 feet of gravel over bedrock and at least locally on benches to the active drainage (Collier and others, 1908).  The early mining recovered $1.70 to $2."
